date,equity,cash,positions,exposure,exposure_pct
2024-03-01,100000.0,100000.0,0,0.0,0.0
2024-03-02,100000.0,100000.0,0,0.0,0.0
2024-03-03,100000.0,100000.0,0,0.0,0.0
2024-03-04,100000.0,100000.0,0,0.0,0.0
2024-03-05,100000.0,100000.0,0,0.0,0.0
2024-03-06,100000.0,100000.0,0,0.0,0.0
2024-03-07,100000.0,100000.0,0,0.0,0.0
2024-03-08,100000.0,100000.0,0,0.0,0.0
2024-03-09,100000.0,100000.0,0,0.0,0.0
2024-03-10,100000.0,100000.0,0,0.0,0.0
2024-03-11,100000.0,100000.0,0,0.0,0.0
2024-03-12,100000.0,100000.0,0,0.0,0.0
2024-03-13,100000.0,100000.0,0,0.0,0.0
2024-03-14,100000.0,100000.0,0,0.0,0.0
2024-03-15,100000.0,100000.0,0,0.0,0.0
2024-03-16,100000.0,100000.0,0,0.0,0.0
2024-03-17,100000.0,100000.0,0,0.0,0.0
2024-03-18,100000.0,100000.0,0,0.0,0.0
2024-03-19,100000.0,100000.0,0,0.0,0.0
2024-03-20,100000.0,100000.0,0,0.0,0.0
2024-03-21,100000.0,100000.0,0,0.0,0.0
2024-03-22,100000.0,100000.0,0,0.0,0.0
2024-03-23,100000.0,100000.0,0,0.0,0.0
2024-03-24,100000.0,100000.0,0,0.0,0.0
2024-03-25,100000.0,100000.0,0,0.0,0.0
2024-03-26,100000.0,100000.0,0,0.0,0.0
2024-03-27,100000.0,100000.0,0,0.0,0.0
2024-03-28,100000.0,100000.0,0,0.0,0.0
2024-03-29,100000.0,100000.0,0,0.0,0.0
2024-03-30,100000.0,100000.0,0,0.0,0.0
2024-03-31,100000.0,100000.0,0,0.0,0.0
2024-04-01,100000.0,100000.0,0,0.0,0.0
2024-04-02,100000.0,100000.0,0,0.0,0.0
2024-04-03,100000.0,100000.0,0,0.0,0.0
2024-04-04,100000.0,100000.0,0,0.0,0.0
2024-04-05,100000.0,100000.0,0,0.0,0.0
2024-04-06,100000.0,100000.0,0,0.0,0.0
2024-04-07,100000.0,100000.0,0,0.0,0.0
2024-04-08,100000.0,100000.0,0,0.0,0.0
2024-04-09,100000.0,100000.0,0,0.0,0.0
2024-04-10,100000.0,100000.0,0,0.0,0.0
2024-04-11,99881.99825436296,79808.7882323903,2,20073.210021972656,20.096924743989927
2024-04-12,99566.72799069108,79808.7882323903,2,19757.93975830078,19.84391790011221
2024-04-13,99566.72799069108,79808.7882323903,2,19757.93975830078,19.84391790011221
2024-04-14,99566.72799069108,79808.7882323903,2,19757.93975830078,19.84391790011221
2024-04-15,99522.02828365983,79808.7882323903,2,19713.24005126953,19.807916288725977
2024-04-16,99466.06316010824,90137.86308686605,1,9328.200073242188,9.378274133788524
2024-04-17,99498.46275727621,90137.86308686605,1,9360.599670410156,9.407783206907512
2024-04-18,99383.26286713949,90137.86308686605,1,9245.399780273438,9.302773438454269
2024-04-19,99514.66301362387,90137.86308686605,1,9376.799926757812,9.4225309545329
2024-04-20,99514.66301362387,90137.86308686605,1,9376.799926757812,9.4225309545329
2024-04-21,99514.66301362387,90137.86308686605,1,9376.799926757812,9.4225309545329
2024-04-22,99633.46275727621,90137.86308686605,1,9495.599670410156,9.530532621899358
2024-04-23,99685.6633798348,90137.86308686605,1,9547.80029296875,9.577907162626309
2024-04-24,99497.86308686605,90137.86308686605,1,9360.0,9.407237210540194
2024-04-25,100454.86290376059,90137.86308686605,1,10316.999816894531,10.270284104392829
2024-04-26,100106.86272065512,90137.86308686605,1,9968.999633789062,9.958357861645535
2024-04-27,100106.86272065512,90137.86308686605,1,9968.999633789062,9.958357861645535
2024-04-28,100106.86272065512,90137.86308686605,1,9968.999633789062,9.958357861645535
2024-04-29,99904.66301362387,90137.86308686605,1,9766.799926757812,9.776120185126821
2024-04-30,99969.46312348715,90137.86308686605,1,9831.600036621094,9.834603217261078
2024-05-01,100135.0627938973,90137.86308686605,1,9997.19970703125,9.983715422047476
2024-05-02,100172.2634164559,90137.86308686605,1,10034.400329589844,10.017144454321507
2024-05-03,100223.86345307699,90137.86308686605,1,10086.000366210938,10.063471930448003
2024-05-04,100223.86345307699,90137.86308686605,1,10086.000366210938,10.063471930448003
2024-05-05,100223.86345307699,90137.86308686605,1,10086.000366210938,10.063471930448003
2024-05-06,100410.09754427496,89682.3275400025,2,10727.770004272461,10.683955365686348
2024-05-07,100297.18784578863,89682.3275400025,2,10614.860305786133,10.583407704418343
2024-05-08,100323.66295107428,89682.3275400025,2,10641.335411071777,10.607004467392036
2024-05-09,100250.71716555182,89682.3275400025,2,10568.389625549316,10.541959124438891
2024-05-10,100282.72251375738,89682.3275400025,2,10600.394973754883,10.570509762836423
2024-05-11,100282.72251375738,89682.3275400025,2,10600.394973754883,10.570509762836423
2024-05-12,100282.72251375738,89682.3275400025,2,10600.394973754883,10.570509762836423
2024-05-13,100359.50733431402,89682.3275400025,2,10677.179794311523,10.63893205328727
2024-05-14,100506.07719667975,89682.3275400025,2,10823.749656677246,10.769248943520415
2024-05-15,100604.92210634772,89682.3275400025,2,10922.594566345215,10.8569186652708
2024-05-16,100708.3223749024,89682.3275400025,2,11025.994834899902,10.948444552431248
2024-05-17,100771.4274240357,89682.3275400025,2,11089.099884033203,11.004210387306932
2024-05-18,100771.4274240357,89682.3275400025,2,11089.099884033203,11.004210387306932
2024-05-19,100771.4274240357,89682.3275400025,2,11089.099884033203,11.004210387306932
2024-05-20,100830.25791414801,89682.3275400025,2,11147.930374145508,11.056135930582881
2024-05-21,100739.87781771246,89682.3275400025,2,11057.550277709961,10.976338781865964
2024-05-22,100614.32274111334,89682.3275400025,2,10931.99520111084,10.865247514749482
2024-05-23,100714.07287844244,89682.3275400025,2,11031.745338439941,10.953529157493993
2024-05-24,100835.83217867438,89682.3275400025,2,11153.504638671875,11.061052800068738
2024-05-25,100835.83217867438,89682.3275400025,2,11153.504638671875,11.061052800068738
2024-05-26,100835.83217867438,89682.3275400025,2,11153.504638671875,11.061052800068738
2024-05-27,100835.83217867438,89682.3275400025,2,11153.504638671875,11.061052800068738
2024-05-28,100810.45215853277,89682.3275400025,2,11128.124618530273,11.038661547743459
2024-05-29,100534.78192716897,99982.28192716897,1,552.5,0.5495610468427246
2024-05-30,100530.44694334328,99982.28192716897,1,548.1650161743164,0.5452726341535614
2024-05-31,100557.28192716897,99982.28192716897,1,575.0,0.571813387335248
2024-06-01,100557.28192716897,99982.28192716897,1,575.0,0.571813387335248
2024-06-02,100557.28192716897,99982.28192716897,1,575.0,0.571813387335248
2024-06-03,100548.10761298683,91025.8223499253,2,9522.285263061523,9.470377403534167
2024-06-04,100648.04213752296,91025.8223499253,2,9622.219787597656,9.560265240381026
2024-06-05,100576.89215888527,91025.8223499253,2,9551.069808959961,9.496286476889503
2024-06-06,100687.20232429054,91025.8223499253,2,9661.379974365234,9.59543988842607
2024-06-07,100518.29212989357,91025.8223499253,2,9492.469779968262,9.443524734484875
2024-06-08,100518.29212989357,91025.8223499253,2,9492.469779968262,9.443524734484875
2024-06-09,100518.29212989357,91025.8223499253,2,9492.469779968262,9.443524734484875
2024-06-10,101159.27208747414,91025.8223499253,2,10133.449737548828,10.017321722902734
2024-06-11,101580.3454718935,81008.74520639057,3,20571.60026550293,20.251555721667568
2024-06-12,101668.17515328998,81008.74520639057,3,20659.429946899414,20.32044926128575
2024-06-13,101621.7956519472,81008.74520639057,3,20613.05044555664,20.28408405235818
2024-06-14,101942.97498849506,81008.74520639057,3,20934.229782104492,20.535235296465558
2024-06-15,101942.97498849506,81008.74520639057,3,20934.229782104492,20.535235296465558
2024-06-16,101942.97498849506,81008.74520639057,3,20934.229782104492,20.535235296465558
2024-06-17,101809.80482247943,81008.74520639057,3,20801.059616088867,20.43129308847867
2024-06-18,101559.0251441347,81008.74520639057,3,20550.27993774414,20.234814098086066
2024-06-19,101559.0251441347,81008.74520639057,3,20550.27993774414,20.234814098086066
2024-06-20,101531.07542947406,81008.74520639057,3,20522.330223083496,20.21285614899135
2024-06-21,101426.76959456834,77364.00921859177,4,24062.760375976562,23.72426970923186
2024-06-22,101426.76959456834,77364.00921859177,4,24062.760375976562,23.72426970923186
2024-06-23,101426.76959456834,77364.00921859177,4,24062.760375976562,23.72426970923186
2024-06-24,101611.17978133592,77364.00921859177,4,24247.17056274414,23.86269957195979
2024-06-25,101909.45936812791,77364.00921859177,4,24545.450149536133,24.085546426922466
2024-06-26,102029.42975081834,77364.00921859177,4,24665.420532226562,24.17480975093731
2024-06-27,101643.92920150193,77364.00921859177,4,24279.919982910156,23.887230820029522
2024-06-28,102204.37950362595,77364.00921859177,4,24840.37028503418,24.30460456359691
2024-06-29,102204.37950362595,77364.00921859177,4,24840.37028503418,24.30460456359691
2024-06-30,102204.37950362595,77364.00921859177,4,24840.37028503418,24.30460456359691
2024-07-01,102482.74945296677,77364.00921859177,4,25118.740234375,24.510213053859317
2024-07-02,102556.34915389451,77364.00921859177,4,25192.339935302734,24.564388400272993
2024-07-03,103016.72906722459,77364.00921859177,4,25652.719848632812,24.901508794647203
2024-07-04,103016.72906722459,77364.00921859177,4,25652.719848632812,24.901508794647203
2024-07-05,103027.79924239549,77364.00921859177,4,25663.79002380371,24.909578009546742
2024-07-06,103027.79924239549,77364.00921859177,4,25663.79002380371,24.909578009546742
2024-07-07,103027.79924239549,77364.00921859177,4,25663.79002380371,24.909578009546742
2024-07-08,102913.20898665818,77364.00921859177,4,25549.199768066406,24.82596745319509
2024-07-09,103296.68886031541,77364.00921859177,4,25932.679641723633,25.105044438347402
2024-07-10,102662.71995772752,77364.00921859177,4,25298.710739135742,24.642548677409636
2024-07-11,102760.7287773076,77364.00921859177,4,25396.71955871582,24.71442141457848
2024-07-12,102975.93179537472,89955.17209078488,2,13020.759704589844,12.644468933249007
2024-07-13,102975.93179537472,89955.17209078488,2,13020.759704589844,12.644468933249007
2024-07-14,102975.93179537472,89955.17209078488,2,13020.759704589844,12.644468933249007
2024-07-15,102963.93240572629,89955.17209078488,2,13008.760314941406,12.634288542594485
2024-07-16,102664.52400375485,92136.04377914548,1,10528.480224609375,10.255227233337493
2024-07-17,102448.32344223141,92136.04377914548,1,10312.279663085938,10.065835454008996
2024-07-18,102454.30366684079,92136.04377914548,1,10318.259887695312,10.071084882142248
2024-07-19,102438.20408798337,92136.04377914548,1,10302.16030883789,10.056951310850243
2024-07-20,102438.20408798337,92136.04377914548,1,10302.16030883789,10.056951310850243
2024-07-21,102438.20408798337,92136.04377914548,1,10302.16030883789,10.056951310850243
2024-07-22,102486.50352645993,92136.04377914548,1,10350.459747314453,10.099339318998405
2024-07-23,102188.67561198064,102188.67561198064,0,0.0,0.0
2024-07-24,102188.67561198064,102188.67561198064,0,0.0,0.0
2024-07-25,102188.67561198064,102188.67561198064,0,0.0,0.0
2024-07-26,102188.67561198064,102188.67561198064,0,0.0,0.0
2024-07-27,102188.67561198064,102188.67561198064,0,0.0,0.0
2024-07-28,102188.67561198064,102188.67561198064,0,0.0,0.0
2024-07-29,102188.67561198064,102188.67561198064,0,0.0,0.0
2024-07-30,102188.67561198064,102188.67561198064,0,0.0,0.0
2024-07-31,102188.67561198064,102188.67561198064,0,0.0,0.0
2024-08-01,102188.67561198064,102188.67561198064,0,0.0,0.0
2024-08-02,102188.67561198064,102188.67561198064,0,0.0,0.0
2024-08-03,102188.67561198064,102188.67561198064,0,0.0,0.0
2024-08-04,102188.67561198064,102188.67561198064,0,0.0,0.0
2024-08-05,102188.67561198064,102188.67561198064,0,0.0,0.0
2024-08-06,102188.67561198064,102188.67561198064,0,0.0,0.0
2024-08-07,102188.67561198064,102188.67561198064,0,0.0,0.0
2024-08-08,102188.67561198064,102188.67561198064,0,0.0,0.0
2024-08-09,102188.67561198064,102188.67561198064,0,0.0,0.0
2024-08-10,102188.67561198064,102188.67561198064,0,0.0,0.0
2024-08-11,102188.67561198064,102188.67561198064,0,0.0,0.0
2024-08-12,102188.67561198064,102188.67561198064,0,0.0,0.0
2024-08-13,102188.67561198064,102188.67561198064,0,0.0,0.0
2024-08-14,102188.67561198064,102188.67561198064,0,0.0,0.0
2024-08-15,102188.67561198064,102188.67561198064,0,0.0,0.0
2024-08-16,102345.08833368639,98705.08833368639,1,3640.0,3.556594712324765
2024-08-17,102345.08833368639,98705.08833368639,1,3640.0,3.556594712324765
2024-08-18,102345.08833368639,98705.08833368639,1,3640.0,3.556594712324765
2024-08-19,102268.08833368639,98705.08833368639,1,3563.0,3.4839802503929005
2024-08-20,102303.08833368639,98705.08833368639,1,3598.0,3.51700037467515
2024-08-21,102169.80827387194,98705.08833368639,1,3464.719940185547,3.3911387314128745
2024-08-22,102327.44819696764,98705.08833368639,1,3622.35986328125,3.5399689204685894
2024-08-23,102245.96830805163,98705.08833368639,1,3540.8799743652344,3.4630998492743488
2024-08-24,102245.96830805163,98705.08833368639,1,3540.8799743652344,3.4630998492743488
2024-08-25,102245.96830805163,98705.08833368639,1,3540.8799743652344,3.4630998492743488
2024-08-26,102297.48841913561,98705.08833368639,1,3592.4000854492188,3.511718753768768
2024-08-27,102222.16835077624,98705.08833368639,1,3517.0800170898438,3.440623569068652
2024-08-28,101997.60823114733,98705.08833368639,1,3292.5198974609375,3.2280363770878013
2024-08-29,101990.1336543235,89258.7735774192,2,12731.360076904297,12.482933025712923
2024-08-30,101340.73903720504,92207.16886203414,1,9133.570175170898,9.012732946241597
2024-08-31,101340.73903720504,92207.16886203414,1,9133.570175170898,9.012732946241597
2024-09-01,101340.73903720504,92207.16886203414,1,9133.570175170898,9.012732946241597
2024-09-02,101340.73903720504,92207.16886203414,1,9133.570175170898,9.012732946241597
2024-09-03,101282.67688716679,101282.67688716679,0,0.0,0.0
2024-09-04,101282.67688716679,101282.67688716679,0,0.0,0.0
2024-09-05,101282.67688716679,101282.67688716679,0,0.0,0.0
2024-09-06,101282.67688716679,101282.67688716679,0,0.0,0.0
2024-09-07,101282.67688716679,101282.67688716679,0,0.0,0.0
2024-09-08,101282.67688716679,101282.67688716679,0,0.0,0.0
2024-09-09,101282.67688716679,101282.67688716679,0,0.0,0.0
2024-09-10,101282.67688716679,101282.67688716679,0,0.0,0.0
2024-09-11,101282.67688716679,101282.67688716679,0,0.0,0.0
2024-09-12,101282.67688716679,101282.67688716679,0,0.0,0.0
2024-09-13,101282.67688716679,101282.67688716679,0,0.0,0.0
2024-09-14,101282.67688716679,101282.67688716679,0,0.0,0.0
2024-09-15,101282.67688716679,101282.67688716679,0,0.0,0.0
2024-09-16,101282.67688716679,101282.67688716679,0,0.0,0.0
2024-09-17,101282.67688716679,101282.67688716679,0,0.0,0.0
2024-09-18,101282.67688716679,101282.67688716679,0,0.0,0.0
2024-09-19,101282.67688716679,101282.67688716679,0,0.0,0.0
2024-09-20,101282.67688716679,101282.67688716679,0,0.0,0.0
2024-09-21,101282.67688716679,101282.67688716679,0,0.0,0.0
2024-09-22,101282.67688716679,101282.67688716679,0,0.0,0.0
2024-09-23,101282.67688716679,101282.67688716679,0,0.0,0.0
2024-09-24,101282.67688716679,101282.67688716679,0,0.0,0.0
2024-09-25,101282.67688716679,101282.67688716679,0,0.0,0.0
2024-09-26,101282.67688716679,101282.67688716679,0,0.0,0.0
2024-09-27,101282.67688716679,101282.67688716679,0,0.0,0.0
2024-09-28,101282.67688716679,101282.67688716679,0,0.0,0.0
2024-09-29,101282.67688716679,101282.67688716679,0,0.0,0.0
2024-09-30,101282.67688716679,101282.67688716679,0,0.0,0.0
2024-10-01,101282.67688716679,101282.67688716679,0,0.0,0.0
2024-10-02,101282.67688716679,101282.67688716679,0,0.0,0.0
2024-10-03,101282.67688716679,101282.67688716679,0,0.0,0.0
2024-10-04,101282.67688716679,101282.67688716679,0,0.0,0.0
2024-10-05,101282.67688716679,101282.67688716679,0,0.0,0.0
2024-10-06,101282.67688716679,101282.67688716679,0,0.0,0.0
2024-10-07,101282.67688716679,101282.67688716679,0,0.0,0.0
2024-10-08,101282.67688716679,101282.67688716679,0,0.0,0.0
2024-10-09,101282.67688716679,101282.67688716679,0,0.0,0.0
2024-10-10,101282.67688716679,101282.67688716679,0,0.0,0.0
2024-10-11,101282.67688716679,101282.67688716679,0,0.0,0.0
2024-10-12,101282.67688716679,101282.67688716679,0,0.0,0.0
2024-10-13,101282.67688716679,101282.67688716679,0,0.0,0.0
2024-10-14,101018.75829461309,95491.55803826543,1,5527.200256347656,5.471459310782677
2024-10-15,101191.79808953496,95491.55803826543,1,5700.240051269531,5.6331048156945815
2024-10-16,101242.61773064824,95491.55803826543,1,5751.0596923828125,5.680473126132778
2024-10-17,101287.55803826543,95491.55803826543,1,5796.0,5.7223217858706095
2024-10-18,101527.37832024785,95491.55803826543,1,6035.820281982422,5.945017375454758
2024-10-19,101527.37832024785,95491.55803826543,1,6035.820281982422,5.945017375454758
2024-10-20,101527.37832024785,95491.55803826543,1,6035.820281982422,5.945017375454758
2024-10-21,101609.34780684771,84493.14793196978,2,17116.19987487793,16.845103570012704
2024-10-22,101200.38757125201,84493.14793196978,2,16707.239639282227,16.50906685265329
2024-10-23,101227.15843001666,84493.14793196978,2,16734.010498046875,16.531147132432768
2024-10-24,101314.0978221065,84493.14793196978,2,16820.94989013672,16.602773208988125
2024-10-25,101364.78782454791,84493.14793196978,2,16871.639892578125,16.644478082252004
2024-10-26,101364.78782454791,84493.14793196978,2,16871.639892578125,16.644478082252004
2024-10-27,101364.78782454791,84493.14793196978,2,16871.639892578125,16.644478082252004
2024-10-28,101408.13784591021,84493.14793196978,2,16914.98991394043,16.680110958789893
2024-10-29,101062.04675248858,90006.2665858626,2,11055.780166625977,10.939596536870788
2024-10-30,101026.58227716912,101026.58227716912,0,0.0,0.0
2024-10-31,101026.58227716912,101026.58227716912,0,0.0,0.0
2024-11-01,101015.54798647086,97883.06800600211,1,3132.47998046875,3.1009879596834806
2024-11-02,101015.54798647086,97883.06800600211,1,3132.47998046875,3.1009879596834806
2024-11-03,101015.54798647086,97883.06800600211,1,3132.47998046875,3.1009879596834806
2024-11-04,101075.06800600211,97883.06800600211,1,3192.0,3.158048827442243
2024-11-05,101196.50794740836,97883.06800600211,1,3313.43994140625,3.2742631229214334
2024-11-06,101364.6366042463,90688.23645776193,3,10676.400146484375,10.532667510236134
2024-11-07,101252.11658471506,90688.23645776193,3,10563.880126953125,10.4332437516154
2024-11-08,101231.27643578927,90688.23645776193,3,10543.039978027344,10.414804938980263
2024-11-09,101231.27643578927,90688.23645776193,3,10543.039978027344,10.414804938980263
2024-11-10,101231.27643578927,90688.23645776193,3,10543.039978027344,10.414804938980263
2024-11-11,101355.47626489084,90688.23645776193,3,10667.239807128906,10.524581601540952
2024-11-12,101332.3567580549,90688.23645776193,3,10644.120300292969,10.504167317165322
2024-11-13,101221.03632348459,90688.23645776193,3,10532.799865722656,10.405741976461973
2024-11-14,100856.36976384239,93474.84962224083,2,7381.5201416015625,7.318843776437293
2024-11-15,100909.24964665489,93474.84962224083,2,7434.4000244140625,7.367411858126436
2024-11-16,100909.24964665489,93474.84962224083,2,7434.4000244140625,7.367411858126436
2024-11-17,100909.24964665489,93474.84962224083,2,7434.4000244140625,7.367411858126436
2024-11-18,101023.48951481895,93474.84962224083,2,7548.639892578125,7.472163086854001
2024-11-19,100944.44959782677,93474.84962224083,2,7469.5999755859375,7.399713412025727
2024-11-20,100623.86084524468,100623.86084524468,0,0.0,0.0
2024-11-21,100623.86084524468,100623.86084524468,0,0.0,0.0
2024-11-22,100623.86084524468,100623.86084524468,0,0.0,0.0
2024-11-23,100623.86084524468,100623.86084524468,0,0.0,0.0
2024-11-24,100623.86084524468,100623.86084524468,0,0.0,0.0
2024-11-25,100623.86084524468,100623.86084524468,0,0.0,0.0
2024-11-26,100645.56475070183,88429.2051315612,1,12216.359619140625,12.138000963480545
2024-11-27,100770.36522677605,88429.2051315612,1,12341.160095214844,12.246814891900016
2024-11-28,100770.36522677605,88429.2051315612,1,12341.160095214844,12.246814891900016
2024-11-29,100887.88494113152,88429.2051315612,1,12458.679809570312,12.349034591061159
2024-11-30,100887.88494113152,88429.2051315612,1,12458.679809570312,12.349034591061159
2024-12-01,100887.88494113152,88429.2051315612,1,12458.679809570312,12.349034591061159
2024-12-02,101047.00481417839,88429.2051315612,1,12617.799682617188,12.487059567793072
2024-12-03,101065.72484591667,88429.2051315612,1,12636.519714355469,12.50326926722281
2024-12-04,101153.2194615032,79913.68969160574,2,21239.52976989746,20.997383852899297
2024-12-05,101395.53945356864,79913.68969160574,2,21481.84976196289,21.186188147655084
2024-12-06,101562.19954878348,79913.68969160574,2,21648.509857177734,21.315518916838034
2024-12-07,101562.19954878348,79913.68969160574,2,21648.509857177734,21.315518916838034
2024-12-08,101562.19954878348,79913.68969160574,2,21648.509857177734,21.315518916838034
2024-12-09,101574.2896519329,79913.68969160574,2,21660.59996032715,21.324884510196483
2024-12-10,102188.46932021106,71011.64954176868,3,31176.819778442383,30.509136682289224
2024-12-11,102049.48026076282,71011.64954176868,3,31037.83071899414,30.414491714886204
2024-12-12,101896.71040907825,71011.64954176868,3,30885.06086730957,30.31016481623134
2024-12-13,102589.6790827843,71011.64954176868,3,31578.029541015625,30.7809029361851
2024-12-14,102589.6790827843,71011.64954176868,3,31578.029541015625,30.7809029361851
2024-12-15,102589.6790827843,71011.64954176868,3,31578.029541015625,30.7809029361851
2024-12-16,102587.61899367298,71011.64954176868,3,31575.969451904297,30.779512929188584
2024-12-17,101394.71156616807,66041.34137268663,4,35353.370193481445,34.86707506476861
2024-12-18,101594.5404846251,66041.34137268663,4,35553.19911193848,34.99518669245711
2024-12-19,102035.33469025853,70842.29430024388,3,31193.04039001465,30.570821847848258
2024-12-20,102235.91466157201,70842.29430024388,3,31393.620361328125,30.707037214123172
2024-12-21,102235.91466157201,70842.29430024388,3,31393.620361328125,30.707037214123172
2024-12-22,102235.91466157201,70842.29430024388,3,31393.620361328125,30.707037214123172
2024-12-23,102614.92508332494,70842.29430024388,3,31772.630783081055,30.962972255041045
2024-12-24,102555.08414094213,70842.29430024388,3,31712.789840698242,30.922689115163855
2024-12-25,102555.08414094213,70842.29430024388,3,31712.789840698242,30.922689115163855
2024-12-26,102111.70384614232,70842.29430024388,3,31269.409545898438,30.622747802753235
2024-12-27,101820.7286290549,79526.80852407443,2,22293.92010498047,21.89526671548373
2024-12-28,101820.7286290549,79526.80852407443,2,22293.92010498047,21.89526671548373
2024-12-29,101820.7286290549,79526.80852407443,2,22293.92010498047,21.89526671548373
2024-12-30,101635.04857534396,79526.80852407443,2,22108.24005126953,21.752574885503478
2024-12-31,101258.58539545278,92165.94574701528,1,9092.6396484375,8.979623419512853
2025-01-01,101258.58539545278,92165.94574701528,1,9092.6396484375,8.979623419512853
2025-01-02,101371.86542474966,92165.94574701528,1,9205.919677734375,9.081335969463945
2025-01-03,101615.70551264028,92165.94574701528,1,9449.759765625,9.299507116495407
2025-01-04,101615.70551264028,92165.94574701528,1,9449.759765625,9.299507116495407
2025-01-05,101615.70551264028,92165.94574701528,1,9449.759765625,9.299507116495407
2025-01-06,101483.94752998691,91399.72726936679,2,10084.220260620117,9.936763898192263
2025-01-07,101409.87712593417,91399.72726936679,2,10010.149856567383,9.870981151211183
2025-01-08,101403.39683269284,101403.39683269284,0,0.0,0.0
2025-01-09,101403.39683269284,101403.39683269284,0,0.0,0.0
2025-01-10,101403.39683269284,101403.39683269284,0,0.0,0.0
2025-01-11,101403.39683269284,101403.39683269284,0,0.0,0.0
2025-01-12,101403.39683269284,101403.39683269284,0,0.0,0.0
2025-01-13,101403.39683269284,101403.39683269284,0,0.0,0.0
2025-01-14,101403.39683269284,101403.39683269284,0,0.0,0.0
2025-01-15,101403.39683269284,101403.39683269284,0,0.0,0.0
2025-01-16,101403.39683269284,101403.39683269284,0,0.0,0.0
2025-01-17,101403.39683269284,101403.39683269284,0,0.0,0.0
2025-01-18,101403.39683269284,101403.39683269284,0,0.0,0.0
2025-01-19,101403.39683269284,101403.39683269284,0,0.0,0.0
2025-01-20,101403.39683269284,101403.39683269284,0,0.0,0.0
2025-01-21,101480.14523349669,84416.59564243224,2,17063.549591064453,16.814668082907016
2025-01-22,101582.31347608824,74691.5539088275,3,26890.759567260742,26.47189126440858
2025-01-23,101593.78436231871,74691.5539088275,3,26902.23045349121,26.48019327397877
2025-01-24,101090.35473557063,82584.07485886164,2,18506.279876708984,18.306672209348957
2025-01-25,101090.35473557063,82584.07485886164,2,18506.279876708984,18.306672209348957
2025-01-26,101090.35473557063,82584.07485886164,2,18506.279876708984,18.306672209348957
2025-01-27,101472.17489548273,82584.07485886164,2,18888.100036621094,18.614068394686534
2025-01-28,101323.9948417718,82584.07485886164,2,18739.919982910156,18.495046520988968
2025-01-29,100710.19798002108,91793.87800321444,1,8916.31997680664,8.853443003433934
2025-01-30,100825.71772489413,91793.87800321444,1,9031.839721679688,8.957872976737265
2025-01-31,100819.11591988013,87973.78607063697,2,12845.329849243164,12.740966563772696
2025-02-01,100819.11591988013,87973.78607063697,2,12845.329849243164,12.740966563772696
2025-02-02,100819.11591988013,87973.78607063697,2,12845.329849243164,12.740966563772696
2025-02-03,101093.28607063697,87973.78607063697,2,13119.5,12.97761751540355
2025-02-04,100547.3082016033,91572.84827118338,1,8974.459930419922,8.925609338467419
2025-02-05,100648.38834076346,91572.84827118338,1,9075.540069580078,9.017074410424918
2025-02-06,100326.17918197984,100326.17918197984,0,0.0,0.0
2025-02-07,100326.17918197984,100326.17918197984,0,0.0,0.0
2025-02-08,100326.17918197984,100326.17918197984,0,0.0,0.0
2025-02-09,100326.17918197984,100326.17918197984,0,0.0,0.0
2025-02-10,100326.17918197984,100326.17918197984,0,0.0,0.0
2025-02-11,100326.17918197984,100326.17918197984,0,0.0,0.0
2025-02-12,100326.17918197984,100326.17918197984,0,0.0,0.0
2025-02-13,100355.44531415809,98154.04525922645,1,2201.4000549316406,2.1936029958715837
2025-02-14,100354.27527021278,98154.04525922645,1,2200.230010986328,2.1924626579804536
2025-02-15,100354.27527021278,98154.04525922645,1,2200.230010986328,2.1924626579804536
2025-02-16,100354.27527021278,98154.04525922645,1,2200.230010986328,2.1924626579804536
2025-02-17,100354.27527021278,98154.04525922645,1,2200.230010986328,2.1924626579804536
2025-02-18,100357.87521528114,98154.04525922645,1,2203.8299560546875,2.195971119682612
2025-02-19,100366.51527570594,98154.04525922645,1,2212.470016479492,2.204390588237378
2025-02-20,100363.99528669227,98154.04525922645,1,2209.9500274658203,2.201935087531184
2025-02-21,100377.94531415809,98154.04525922645,1,2223.9000549316406,2.215526576053519
2025-02-22,100377.94531415809,98154.04525922645,1,2223.9000549316406,2.215526576053519
2025-02-23,100377.94531415809,98154.04525922645,1,2223.9000549316406,2.215526576053519
2025-02-24,100377.40519880164,98154.04525922645,1,2223.3599395751953,2.2150004128635703
2025-02-25,100317.28526471961,98154.04525922645,1,2163.240005493164,2.156398072161498
2025-02-26,100286.38197676337,100286.38197676337,0,0.0,0.0
2025-02-27,100286.38197676337,100286.38197676337,0,0.0,0.0
2025-02-28,100286.38197676337,100286.38197676337,0,0.0,0.0
2025-03-01,100286.38197676337,100286.38197676337,0,0.0,0.0
2025-03-02,100286.38197676337,100286.38197676337,0,0.0,0.0
2025-03-03,100286.38197676337,100286.38197676337,0,0.0,0.0
2025-03-04,100286.38197676337,100286.38197676337,0,0.0,0.0
2025-03-05,100286.38197676337,100286.38197676337,0,0.0,0.0
2025-03-06,100286.38197676337,100286.38197676337,0,0.0,0.0
2025-03-07,100286.38197676337,100286.38197676337,0,0.0,0.0
2025-03-08,100286.38197676337,100286.38197676337,0,0.0,0.0
2025-03-09,100286.38197676337,100286.38197676337,0,0.0,0.0
2025-03-10,100286.38197676337,100286.38197676337,0,0.0,0.0
2025-03-11,100286.38197676337,100286.38197676337,0,0.0,0.0
2025-03-12,100286.38197676337,100286.38197676337,0,0.0,0.0
2025-03-13,100286.38197676337,100286.38197676337,0,0.0,0.0
2025-03-14,100286.38197676337,100286.38197676337,0,0.0,0.0
2025-03-15,100286.38197676337,100286.38197676337,0,0.0,0.0
2025-03-16,100286.38197676337,100286.38197676337,0,0.0,0.0
2025-03-17,100286.38197676337,100286.38197676337,0,0.0,0.0
2025-03-18,100286.38197676337,100286.38197676337,0,0.0,0.0
2025-03-19,100286.38197676337,100286.38197676337,0,0.0,0.0
2025-03-20,100286.38197676337,100286.38197676337,0,0.0,0.0
2025-03-21,100286.38197676337,100286.38197676337,0,0.0,0.0
2025-03-22,100286.38197676337,100286.38197676337,0,0.0,0.0
2025-03-23,100286.38197676337,100286.38197676337,0,0.0,0.0
2025-03-24,100286.38197676337,100286.38197676337,0,0.0,0.0
2025-03-25,100286.38197676337,100286.38197676337,0,0.0,0.0
2025-03-26,100286.38197676337,100286.38197676337,0,0.0,0.0
2025-03-27,100286.38197676337,100286.38197676337,0,0.0,0.0
2025-03-28,100286.38197676337,100286.38197676337,0,0.0,0.0
2025-03-29,100286.38197676337,100286.38197676337,0,0.0,0.0
2025-03-30,100286.38197676337,100286.38197676337,0,0.0,0.0
2025-03-31,100286.38197676337,100286.38197676337,0,0.0,0.0
2025-04-01,100286.38197676337,100286.38197676337,0,0.0,0.0
2025-04-02,100286.38197676337,100286.38197676337,0,0.0,0.0
2025-04-03,100286.38197676337,100286.38197676337,0,0.0,0.0
2025-04-04,100286.38197676337,100286.38197676337,0,0.0,0.0
2025-04-05,100286.38197676337,100286.38197676337,0,0.0,0.0
2025-04-06,100286.38197676337,100286.38197676337,0,0.0,0.0
2025-04-07,100286.38197676337,100286.38197676337,0,0.0,0.0
2025-04-08,100286.38197676337,100286.38197676337,0,0.0,0.0
2025-04-09,100286.38197676337,100286.38197676337,0,0.0,0.0
2025-04-10,100286.38197676337,100286.38197676337,0,0.0,0.0
2025-04-11,100286.38197676337,100286.38197676337,0,0.0,0.0
2025-04-12,100286.38197676337,100286.38197676337,0,0.0,0.0
2025-04-13,100286.38197676337,100286.38197676337,0,0.0,0.0
2025-04-14,100286.38197676337,100286.38197676337,0,0.0,0.0
2025-04-15,100286.38197676337,100286.38197676337,0,0.0,0.0
2025-04-16,100286.38197676337,100286.38197676337,0,0.0,0.0
2025-04-17,100286.38197676337,100286.38197676337,0,0.0,0.0
2025-04-18,100286.38197676337,100286.38197676337,0,0.0,0.0
2025-04-19,100286.38197676337,100286.38197676337,0,0.0,0.0
2025-04-20,100286.38197676337,100286.38197676337,0,0.0,0.0
2025-04-21,100286.38197676337,100286.38197676337,0,0.0,0.0
2025-04-22,100286.38197676337,100286.38197676337,0,0.0,0.0
2025-04-23,100286.38197676337,100286.38197676337,0,0.0,0.0
2025-04-24,100286.38197676337,100286.38197676337,0,0.0,0.0
2025-04-25,100286.38197676337,100286.38197676337,0,0.0,0.0
2025-04-26,100286.38197676337,100286.38197676337,0,0.0,0.0
2025-04-27,100286.38197676337,100286.38197676337,0,0.0,0.0
2025-04-28,100286.38197676337,100286.38197676337,0,0.0,0.0
2025-04-29,100286.38197676337,100286.38197676337,0,0.0,0.0
2025-04-30,100286.38197676337,100286.38197676337,0,0.0,0.0
2025-05-01,100286.38197676337,100286.38197676337,0,0.0,0.0
2025-05-02,100286.38197676337,100286.38197676337,0,0.0,0.0
2025-05-03,100286.38197676337,100286.38197676337,0,0.0,0.0
2025-05-04,100286.38197676337,100286.38197676337,0,0.0,0.0
2025-05-05,100286.38197676337,100286.38197676337,0,0.0,0.0
2025-05-06,100286.38197676337,100286.38197676337,0,0.0,0.0
2025-05-07,100286.38197676337,100286.38197676337,0,0.0,0.0
2025-05-08,100286.38197676337,100286.38197676337,0,0.0,0.0
2025-05-09,100286.38197676337,100286.38197676337,0,0.0,0.0
2025-05-10,100286.38197676337,100286.38197676337,0,0.0,0.0
2025-05-11,100286.38197676337,100286.38197676337,0,0.0,0.0
2025-05-12,100286.38197676337,100286.38197676337,0,0.0,0.0
2025-05-13,100286.38197676337,100286.38197676337,0,0.0,0.0
2025-05-14,100286.38197676337,100286.38197676337,0,0.0,0.0
2025-05-15,100286.38197676337,100286.38197676337,0,0.0,0.0
2025-05-16,100286.38197676337,100286.38197676337,0,0.0,0.0
2025-05-17,100286.38197676337,100286.38197676337,0,0.0,0.0
2025-05-18,100286.38197676337,100286.38197676337,0,0.0,0.0
2025-05-19,100328.02472214356,91164.62445358887,1,9163.400268554688,9.133440326302187
2025-05-20,100216.02460007324,91164.62445358887,1,9051.400146484375,9.031889044297372
2025-05-21,100261.82416062012,91164.62445358887,1,9097.19970703125,9.073443240427657
2025-05-22,100168.2243071045,91164.62445358887,1,9003.599853515625,8.988479046919712
2025-05-23,100378.424502417,91164.62445358887,1,9213.800048828125,9.179064220724314
2025-05-24,100378.424502417,91164.62445358887,1,9213.800048828125,9.179064220724314
2025-05-25,100378.424502417,91164.62445358887,1,9213.800048828125,9.179064220724314
2025-05-26,100378.424502417,91164.62445358887,1,9213.800048828125,9.179064220724314
2025-05-27,100311.82416062012,91164.62445358887,1,9147.19970703125,9.118765194006121
2025-05-28,100338.2243071045,91164.62445358887,1,9173.599853515625,9.14267709725264
2025-05-29,100223.75702843298,85611.35712608923,2,14612.39990234375,14.57977662741009
2025-05-30,100345.9573458158,85611.35712608923,2,14734.600219726562,14.683800533137234
2025-05-31,100345.9573458158,85611.35712608923,2,14734.600219726562,14.683800533137234
2025-06-01,100345.9573458158,85611.35712608923,2,14734.600219726562,14.683800533137234
2025-06-02,100519.55719933142,85611.35712608923,2,14908.200073242188,14.831143797897017
2025-06-03,100565.5569551908,85611.35712608923,2,14954.199829101562,14.870100938997172
2025-06-04,100564.55719933142,85611.35712608923,2,14953.200073242188,14.869254625765507
2025-06-05,100687.75727257361,85611.35712608923,2,15076.400146484375,14.973419365842847
2025-06-06,100848.34520754709,77876.86516604318,3,22971.480041503906,22.77824191783051
2025-06-07,100848.34520754709,77876.86516604318,3,22971.480041503906,22.77824191783051
2025-06-08,100848.34520754709,77876.86516604318,3,22971.480041503906,22.77824191783051
2025-06-09,100887.62572512521,77876.86516604318,3,23010.76055908203,22.8083081484902
2025-06-10,100606.21477620922,70494.06466024242,4,30112.150115966797,29.930705755055943
2025-06-11,100751.80463521801,70494.06466024242,4,30257.739974975586,30.031958320277003
2025-06-12,100469.13468282543,70494.06466024242,4,29975.070022583008,29.835103205787895
2025-06-13,100891.63544576488,70494.06466024242,4,30397.57078552246,30.128930561208833
2025-06-14,100891.63544576488,70494.06466024242,4,30397.57078552246,30.128930561208833
2025-06-15,100891.63544576488,70494.06466024242,4,30397.57078552246,30.128930561208833
2025-06-16,100767.13477437817,70494.06466024242,4,30273.070114135742,30.04260286046479
2025-06-17,100674.90474813305,70494.06466024242,4,30180.840087890625,29.978513675673785
2025-06-18,100155.97654985798,77305.13633989704,3,22850.840209960938,22.815253764298042
2025-06-19,100155.97654985798,77305.13633989704,3,22850.840209960938,22.815253764298042
2025-06-20,100423.15853161144,84936.35860485362,2,15486.799926757812,15.421542354578344
2025-06-21,100423.15853161144,84936.35860485362,2,15486.799926757812,15.421542354578344
2025-06-22,100423.15853161144,84936.35860485362,2,15486.799926757812,15.421542354578344
2025-06-23,100654.55806774425,84936.35860485362,2,15718.199462890625,15.61598378119319
2025-06-24,100954.15828747081,84936.35860485362,2,16017.799682617188,15.866409025971862
2025-06-25,101086.15901989269,84936.35860485362,2,16149.800415039062,15.976272688193596
2025-06-26,101165.15865368175,84936.35860485362,2,16228.800048828125,16.0418866186768
2025-06-27,101166.43560314566,82924.12531567007,3,18242.310287475586,18.031978866030506
2025-06-28,101166.43560314566,82924.12531567007,3,18242.310287475586,18.031978866030506
2025-06-29,101166.43560314566,82924.12531567007,3,18242.310287475586,18.031978866030506
2025-06-30,100881.26525402456,82924.12531567007,3,17957.139938354492,17.800272323247956
